ip/maskbit,expiredate
31.14.40.207,
36.37.99.242,
36.37.225.100,
36.89.105.119,
36.89.228.201,
36.91.36.29,
36.91.117.231,
36.95.110.19,
36.95.141.29,
41.57.156.203,
43.242.242.145,
45.11.183.152,
45.116.106.45,
45.121.237.196,
45.248.41.211,
49.248.217.170,
58.97.72.83,
58.97.192.6,
59.93.105.113,
59.152.104.174,
60.246.197.7,
65.155.32.251,
71.78.110.58,
78.130.246.39,
82.165.49.187,
87.106.77.55,
96.9.77.56,
103.36.126.221,
103.61.100.10,
103.94.0.178,
103.127.67.38,
109.125.139.206,
110.172.137.20,
113.160.37.196,
113.163.222.218,
116.206.153.212,
116.212.142.22,
116.212.152.201,
117.196.236.164,
117.220.229.162,
118.179.191.66,
122.50.6.122,
122.117.90.133,
136.228.128.21,
136.228.128.81,
136.228.131.236,
139.255.65.170,
139.255.199.196,
144.48.139.206,
151.106.48.226,
154.79.244.182,
154.79.251.172,
175.143.63.49,
176.100.4.31,
177.67.137.111,
178.134.47.166,
185.9.187.10,
186.97.172.178,
186.225.119.170,
187.19.167.233,
190.93.208.53,
194.190.18.122,
196.216.59.174,
200.236.218.62,
202.65.119.162,
202.165.47.106,
202.166.198.18,
203.176.138.102,
209.33.231.203,
222.124.16.74,
